feature0,feature1,feature2,feature3,feature4,class
1.038809425,1.146777626,1.100504969,1.207194816,-0.087924452,0
